{
  "comment": "População estimada IBGE 2023 - Cidades do Sul com 30k+ habitantes",
  "RS": {
    "4300034": { "name": "Aceguá", "pop": 4500 },
    "4300604": { "name": "Alvorada", "pop": 210000 },
    "4301107": { "name": "Bagé", "pop": 124000 },
    "4301602": { "name": "Bento Gonçalves", "pop": 122000 },
    "4302105": { "name": "Cachoeira do Sul", "pop": 84000 },
    "4302303": { "name": "Cachoeirinha", "pop": 131000 },
    "4302501": { "name": "Camaquã", "pop": 67000 },
    "4302659": { "name": "Campo Bom", "pop": 68000 },
    "4303004": { "name": "Canoas", "pop": 348000 },
    "4303103": { "name": "Caxias do Sul", "pop": 517000 },
    "4304606": { "name": "Cruz Alta", "pop": 62000 },
    "4305108": { "name": "Erechim", "pop": 106000 },
    "4305587": { "name": "Estância Velha", "pop": 51000 },
    "4305871": { "name": "Esteio", "pop": 85000 },
    "4306403": { "name": "Farroupilha", "pop": 74000 },
    "4307708": { "name": "Gramado", "pop": 38000 },
    "4307906": { "name": "Gravataí", "pop": 288000 },
    "4308003": { "name": "Guaíba", "pop": 104000 },
    "4309050": { "name": "Ijuí", "pop": 84000 },
    "4310207": { "name": "Lajeado", "pop": 85000 },
    "4311403": { "name": "Montenegro", "pop": 66000 },
    "4312658": { "name": "Novo Hamburgo", "pop": 247000 },
    "4313409": { "name": "Passo Fundo", "pop": 204000 },
    "4314407": { "name": "Pelotas", "pop": 344000 },
    "4314902": { "name": "Porto Alegre", "pop": 1492000 },
    "4316008": { "name": "Rio Grande", "pop": 211000 },
    "4316907": { "name": "Santa Cruz do Sul", "pop": 133000 },
    "4317202": { "name": "Santa Maria", "pop": 285000 },
    "4318408": { "name": "Santa Rosa", "pop": 73000 },
    "4318705": { "name": "Santana do Livramento", "pop": 80000 },
    "4319901": { "name": "Santo Ângelo", "pop": 79000 },
    "4320008": { "name": "São Borja", "pop": 62000 },
    "4320107": { "name": "São Gabriel", "pop": 64000 },
    "4320651": { "name": "São Leopoldo", "pop": 238000 },
    "4321204": { "name": "São Luiz Gonzaga", "pop": 34000 },
    "4322109": { "name": "Sapiranga", "pop": 81000 },
    "4322525": { "name": "Sapucaia do Sul", "pop": 143000 },
    "4323002": { "name": "Taquara", "pop": 58000 },
    "4323101": { "name": "Taquari", "pop": 27000 },
    "4323804": { "name": "Tramandaí", "pop": 52000 },
    "4324301": { "name": "Uruguaiana", "pop": 126000 },
    "4325003": { "name": "Vacaria", "pop": 66000 },
    "4325407": { "name": "Venâncio Aires", "pop": 72000 },
    "4326009": { "name": "Veranópolis", "pop": 27000 },
    "4326108": { "name": "Viamão", "pop": 257000 },
    "4305009": { "name": "Encantado", "pop": 23000 },
    "4309209": { "name": "Igrejinha", "pop": 36000 },
    "4310504": { "name": "Marau", "pop": 43000 },
    "4312955": { "name": "Parobé", "pop": 56000 },
    "4314100": { "name": "Palmeira das Missões", "pop": 37000 }
  },
  "SC": {
    "4200051": { "name": "Abelardo Luz", "pop": 18000 },
    "4202008": { "name": "Balneário Camboriú", "pop": 145000 },
    "4202404": { "name": "Biguaçu", "pop": 74000 },
    "4202503": { "name": "Blumenau", "pop": 366000 },
    "4202909": { "name": "Brusque", "pop": 139000 },
    "4203006": { "name": "Caçador", "pop": 79000 },
    "4203303": { "name": "Camboriú", "pop": 80000 },
    "4203402": { "name": "Campo Alegre", "pop": 13000 },
    "4203501": { "name": "Canoinhas", "pop": 56000 },
    "4204152": { "name": "Capivari de Baixo", "pop": 27000 },
    "4204301": { "name": "Chapecó", "pop": 227000 },
    "4204509": { "name": "Cocal do Sul", "pop": 18000 },
    "4204608": { "name": "Concórdia", "pop": 76000 },
    "4205407": { "name": "Criciúma", "pop": 220000 },
    "4205431": { "name": "Criciúma", "pop": 220000 },
    "4206207": { "name": "Florianópolis", "pop": 508000 },
    "4207304": { "name": "Gaspar", "pop": 70000 },
    "4208203": { "name": "Içara", "pop": 63000 },
    "4208302": { "name": "Imbituba", "pop": 47000 },
    "4208450": { "name": "Indaial", "pop": 71000 },
    "4208906": { "name": "Itajaí", "pop": 219000 },
    "4209102": { "name": "Itapema", "pop": 64000 },
    "4209300": { "name": "Jaraguá do Sul", "pop": 180000 },
    "4209409": { "name": "Joaçaba", "pop": 30000 },
    "4209508": { "name": "Joinville", "pop": 597000 },
    "4209854": { "name": "Lages", "pop": 158000 },
    "4210035": { "name": "Laguna", "pop": 46000 },
    "4210704": { "name": "Mafra", "pop": 58000 },
    "4211306": { "name": "Navegantes", "pop": 77000 },
    "4212106": { "name": "Palhoça", "pop": 179000 },
    "4212809": { "name": "Pomerode", "pop": 35000 },
    "4213500": { "name": "Porto Belo", "pop": 22000 },
    "4213609": { "name": "Porto União", "pop": 36000 },
    "4214409": { "name": "Rio do Sul", "pop": 71000 },
    "4214805": { "name": "Rio Negrinho", "pop": 45000 },
    "4215000": { "name": "Rodeio", "pop": 12000 },
    "4215687": { "name": "São Bento do Sul", "pop": 88000 },
    "4216206": { "name": "São Francisco do Sul", "pop": 53000 },
    "4216602": { "name": "São José", "pop": 246000 },
    "4217105": { "name": "São Ludgero", "pop": 12000 },
    "4217600": { "name": "Schroeder", "pop": 20000 },
    "4218202": { "name": "Taió", "pop": 19000 },
    "4218350": { "name": "Tangará", "pop": 9000 },
    "4218806": { "name": "Tijucas", "pop": 38000 },
    "4218905": { "name": "Timbó", "pop": 44000 },
    "4219507": { "name": "Tubarão", "pop": 107000 },
    "4220000": { "name": "Videira", "pop": 53000 },
    "4204202": { "name": "Caçador", "pop": 79000 },
    "4211900": { "name": "Orleans", "pop": 23000 }
  },
  "PR": {
    "4100202": { "name": "Almirante Tamandaré", "pop": 121000 },
    "4100301": { "name": "Altônia", "pop": 20000 },
    "4100400": { "name": "Alto Paraná", "pop": 15000 },
    "4101804": { "name": "Apucarana", "pop": 136000 },
    "4102307": { "name": "Arapongas", "pop": 119000 },
    "4102505": { "name": "Araucária", "pop": 146000 },
    "4103107": { "name": "Assis Chateaubriand", "pop": 35000 },
    "4104808": { "name": "Campo Largo", "pop": 135000 },
    "4104907": { "name": "Campo Mourão", "pop": 96000 },
    "4105003": { "name": "Cândido de Abreu", "pop": 15000 },
    "4106100": { "name": "Cascavel", "pop": 336000 },
    "4106902": { "name": "Castro", "pop": 71000 },
    "4108304": { "name": "Colombo", "pop": 246000 },
    "4108403": { "name": "Colorado", "pop": 27000 },
    "4108809": { "name": "Cornélio Procópio", "pop": 49000 },
    "4109401": { "name": "Curitiba", "pop": 1948000 },
    "4111001": { "name": "Foz do Iguaçu", "pop": 258000 },
    "4111803": { "name": "Francisco Beltrão", "pop": 91000 },
    "4112959": { "name": "Guarapuava", "pop": 183000 },
    "4113205": { "name": "Guaratuba", "pop": 38000 },
    "4114708": { "name": "Irati", "pop": 61000 },
    "4115200": { "name": "Ivaiporã", "pop": 34000 },
    "4116208": { "name": "Jacarezinho", "pop": 40000 },
    "4119509": { "name": "Londrina", "pop": 580000 },
    "4120903": { "name": "Maringá", "pop": 430000 },
    "4121208": { "name": "Matinhos", "pop": 35000 },
    "4122156": { "name": "Medianeira", "pop": 47000 },
    "4125506": { "name": "Paranaguá", "pop": 156000 },
    "4126256": { "name": "Paranavaí", "pop": 88000 },
    "4127007": { "name": "Pato Branco", "pop": 84000 },
    "4127882": { "name": "Pinhais", "pop": 132000 },
    "4128005": { "name": "Ponta Grossa", "pop": 358000 },
    "4128534": { "name": "Pontal do Paraná", "pop": 29000 },
    "4129001": { "name": "Prudentópolis", "pop": 53000 },
    "4130708": { "name": "Rolândia", "pop": 66000 },
    "4131307": { "name": "Santa Terezinha de Itaipu", "pop": 27000 },
    "4131406": { "name": "Santo Antônio da Platina", "pop": 46000 },
    "4132404": { "name": "São José dos Pinhais", "pop": 330000 },
    "4133303": { "name": "Sarandi", "pop": 94000 },
    "4135004": { "name": "Toledo", "pop": 144000 },
    "4136208": { "name": "Umuarama", "pop": 112000 },
    "4136505": { "name": "União da Vitória", "pop": 57000 },
    "4137400": { "name": "Wenceslau Braz", "pop": 20000 },
    "4101507": { "name": "Andirá", "pop": 20000 },
    "4103453": { "name": "Bandeirantes", "pop": 33000 },
    "4118402": { "name": "Loanda", "pop": 24000 },
    "4119152": { "name": "Lapa", "pop": 48000 },
    "4125803": { "name": "Pato Branco", "pop": 84000 },
    "4126504": { "name": "Pérola", "pop": 11000 },
    "4128633": { "name": "Piraquara", "pop": 111000 },
    "4129954": { "name": "Quatro Barras", "pop": 23000 },
    "4130409": { "name": "Rio Negro", "pop": 34000 },
    "4131703": { "name": "São Mateus do Sul", "pop": 44000 },
    "4132108": { "name": "Telêmaco Borba", "pop": 79000 }
  }
}
